<?xml version="1.0" encoding="UTF-8"?>
<project-private xmlns="http://www.netbeans.org/ns/project-private/1">
    <editor-bookmarks xmlns="http://www.netbeans.org/ns/editor-bookmarks/2" lastBookmarkId="0"/>
    <open-files xmlns="http://www.netbeans.org/ns/projectui-open-files/2">
        <group>
            <file>file:/Users/altaafally/NetBeansProjects/Question2Library/src/question2library/Item.java</file>
            <file>file:/Users/altaafally/NetBeansProjects/Question2Library/src/question2library/DVD.java</file>
            <file>file:/Users/altaafally/NetBeansProjects/Question2Library/src/question2library/Question2Library.java</file>
            <file>file:/Users/altaafally/NetBeansProjects/Question2Library/src/question2library/LibraryManagementSystem.java</file>
            <file>file:/Users/altaafally/NetBeansProjects/Question2Library/src/question2library/Book.java</file>
            <file>file:/Users/altaafally/NetBeansProjects/Question2Library/test/LibraryManagementSystem.java</file>
        </group>
    </open-files>
</project-private>
